<?xml version="1.0" encoding="iso-8859-1"?>
<mosinstall type="module" version="1.0.0">
	<name>Calendar Date</name>
	<author>Andy Sikumbang</author>
	<creationDate>April 2007</creationDate>
	<copyright>(C) 2007 TemplatePlazza.com All rights reserved.</copyright>
	<license>http://www.gnu.org/copyleft/gpl.html GNU/GPL</license>
	<authorEmail>sikumbang@gmail.com</authorEmail>
	<authorUrl>www.templateplazza.com</authorUrl>
	<version>1.0.0</version>
	<description>Show date with a nice calendar look</description>
	<files>
		<filename module="mod_calendar_date">mod_calendar_date.php</filename>
		<filename>mod_calendar_date/today_black.gif</filename>
		<filename>mod_calendar_date/today_blue.gif</filename>
		<filename>mod_calendar_date/today_red.gif</filename>
	</files>
	<params>
		<param name="wrapperbox" type="textarea" cols="30" rows="8" default="width:auto; background:#FFFFFF; 
float:right; 
border:#333333; 
text-align:center;
padding:7px 7px;
border-width:0 1px 1px 0;
border-style:solid;
border-color:#000000 #D68330 #D68330 #fff" label="Box css setting" description="CSS setting for Date box" />
<param name="month_setting" type="textarea" cols="30" rows="8" default="font-size:12px; font-weight:bold; text-transform:lowercase; line-height:97%; font-family:arial; color:#fff; background:#999; padding:2px;" label="Css setting for Month" description="CSS setting for Month"/>
<param name="date_setting" type="textarea" label="Css setting for Date " cols="30" rows="4" default="font-size:32px;  line-height:90%; font-family:arial; color:#333; font-weight:bold;" />
<param name="year_setting" type="textarea" cols="30" rows="4" default="font-size:12px; line-height:97%; font-family:arial; color:#000000;" label="Css setting for Year" description="CSS setting for Year" />
<param name="badgeuse" type="radio" default="1" label="Use Badge" description="Use Flying Badge" >
	<option value="1">Yes</option>
			<option value="0">No</option>
	</param>
<param name="badge_setting" type="textarea" cols="30" rows="4" default="position:absolute; margin-left:-50px; margin-top:-70px;" label="Badge css setting" description="CSS setting for badge image" />

<param name="badge_image" type="imagelist" directory="/modules/mod_calendar_date" default="today_black.gif" label="Badge Image" description="Choose the badge" />
		<param name="moduleclass_sfx" type="text" default="" label="Module Class Suffix" description="A suffix to be applied to the css class of the module (table.moduletable), this allows individual module styling" />
	</params>
</mosinstall>
